danceability,energy,key,loudness,mode,speechiness,acousticness,instrumentalness,liveness,valence,tempo,duration_ms,time_signature,labels
0.168,0.00571,8,-36.245,1,0.0404,0.995,0.92,0.068,0.0705,78.043,181693,3,1
0.235,0.00858,10,-35.138,0,0.0356,0.993,0.901,0.0947,0.0526,77.518,81893,3,1
0.205,0.0525,1,-23.841,1,0.0327,0.98,0.906,0.103,0.0511,88.316,174653,4,1
0.273,0.00573,9,-39.245,1,0.0493,0.994,0.913,0.0857,0.174,91.621,193320,3,1
0.203,0.00435,7,-38.173,1,0.0445,0.994,0.959,0.0514,0.0374,74.299,193200,4,1
0.407,0.00616,7,-35.91,0,0.0384,0.994,0.949,0.0721,0.162,95.761,131333,1,1
0.254,0.0176,9,-29.087,1,0.0431,0.986,0.935,0.0418,0.0637,87.033,119427,4,1
0.354,0.183,7,-25.575,0,0.0448,0.993,0.897,0.12,0.529,125.519,75533,3,1
0.257,0.00982,2,-36.492,0,0.0345,0.987,0.706,0.0978,0.108,79.155,86760,3,1
0.427,0.0204,3,-31.351,1,0.0405,0.996,0.938,0.274,0.346,111.242,83227,1,1
0.12,0.106,0,-22.245,0,0.041,0.972,0.919,0.0802,0.0466,77.06,599653,4,1
0.45,0.00251,10,-38.718,1,0.0535,0.995,0.926,0.0571,0.0896,62.44,85707,5,1
0.184,0.00188,1,-47.432,1,0.046,0.993,0.95,0.0629,0.423,176.782,83093,4,1
0.418,0.00869,7,-37.257,1,0.0455,0.996,0.962,0.105,0.42,87.273,93507,4,1
0.157,0.0414,8,-28.365,1,0.0432,0.974,0.563,0.188,0.0358,135.039,154533,3,1
0.376,0.0192,4,-35.626,1,0.0394,0.995,0.874,0.0778,0.197,111.591,131667,3,1
0.424,0.146,7,-21.604,0,0.0373,0.984,0.889,0.109,0.189,115.817,227547,4,1
0.406,0.0062,9,-39.131,1,0.0573,0.996,0.95,0.0664,0.216,79.377,85240,4,1
0.331,0.169,9,-19.859,1,0.0325,0.994,0.886,0.121,0.258,97.836,253573,4,1
0.0,0.017,6,-33.687,0,0.0,0.972,0.854,0.0752,0.0,0.0,63800,0,1
0.156,0.0645,9,-24.416,1,0.0516,0.993,0.9,0.0757,0.0363,89.281,109493,3,1
0.247,0.00505,11,-30.467,1,0.0379,0.991,0.967,0.0838,0.0391,91.359,150322,4,1
0.44,0.0542,10,-25.741,1,0.0412,0.994,0.935,0.0928,0.127,55.133,137320,3,1
0.387,0.00906,8,-34.559,1,0.0455,0.996,0.889,0.0985,0.133,67.855,94333,3,1
0.355,0.00259,1,-36.931,1,0.0424,0.99,0.867,0.108,0.038,68.213,246507,3,1
0.268,0.216,0,-26.338,1,0.0421,0.992,0.848,0.115,0.599,138.562,67093,4,1
0.254,0.0779,7,-29.123,0,0.0381,0.936,0.0,0.104,0.197,96.505,107280,3,1
0.221,0.0146,0,-34.166,1,0.0423,0.995,0.805,0.0748,0.221,133.668,77373,4,1
0.156,0.0207,3,-26.169,1,0.0389,0.988,0.863,0.118,0.0509,87.363,339507,4,1
0.248,0.00674,2,-36.547,1,0.0417,0.952,0.271,0.155,0.185,176.236,121933,3,1
0.194,0.0545,4,-24.877,1,0.0366,0.983,0.945,0.0551,0.0385,140.966,644273,4,1
0.176,0.0534,10,-27.626,1,0.0406,0.97,0.915,0.29,0.0332,71.673,132120,5,1
0.265,0.0147,2,-27.933,1,0.0365,0.994,0.911,0.075,0.0688,78.875,276560,1,1
0.391,0.0356,7,-33.473,0,0.0461,0.995,0.892,0.0824,0.152,72.224,124533,1,1
0.07,0.0724,4,-25.949,0,0.0404,0.946,0.896,0.286,0.0369,75.518,327600,4,1
0.282,0.00199,7,-41.932,1,0.0515,0.996,0.914,0.0625,0.324,127.892,113240,4,1
0.169,0.0566,1,-22.798,1,0.0348,0.992,0.924,0.0958,0.0375,76.425,164160,1,1
0.325,0.236,7,-24.018,0,0.0429,0.993,0.899,0.163,0.599,128.782,87747,4,1
0.157,0.111,8,-22.421,1,0.0365,0.991,0.891,0.125,0.152,72.951,154400,1,1
0.186,0.0268,9,-30.366,0,0.0443,0.995,0.824,0.0613,0.0748,66.022,97307,4,1
0.257,0.186,4,-21.488,0,0.0362,0.971,0.859,0.101,0.0693,125.612,189013,3,1
0.276,0.197,5,-24.951,0,0.056,0.992,0.919,0.1,0.4,75.641,58227,4,1
0.186,0.0153,10,-32.717,1,0.035,0.976,0.681,0.084,0.0371,89.528,114267,1,1
0.279,0.00461,2,-36.886,0,0.0439,0.989,0.982,0.0638,0.039,69.813,181547,5,1
0.519,0.0656,6,-19.002,0,0.0464,0.992,0.893,0.0995,0.0487,115.447,223600,3,1
0.188,0.0995,5,-24.37,0,0.0342,0.994,0.868,0.1,0.0944,81.861,115560,3,1
0.376,0.164,7,-20.524,0,0.0353,0.992,0.875,0.133,0.134,114.233,233920,5,1
0.405,0.0015,3,-41.899,0,0.0489,0.993,0.95,0.0696,0.361,78.54,61933,1,1
0.317,0.00558,1,-31.939,1,0.0427,0.994,0.938,0.136,0.0463,168.635,223787,3,1
0.173,0.0446,9,-29.184,0,0.0408,0.981,0.953,0.0764,0.0471,69.777,111093,3,1
0.628,0.0185,0,-20.664,0,0.0544,0.984,0.969,0.101,0.252,180.01,81554,3,1
0.425,0.00333,5,-29.565,1,0.065,0.982,0.951,0.109,0.35,100.009,116744,4,1
0.461,0.513,1,-14.856,0,0.0346,0.818,0.95,0.331,0.417,81.024,166823,4,1
0.125,0.354,5,-13.117,1,0.0401,0.209,0.895,0.189,0.0379,97.857,322041,4,1
0.44,0.376,8,-17.027,0,0.0266,0.758,0.959,0.117,0.246,165.972,166223,4,1
0.346,0.00799,5,-34.134,1,0.0916,0.882,0.949,0.111,0.414,179.919,65710,4,1
0.211,0.0419,7,-21.918,1,0.046,0.957,0.841,0.0879,0.0335,165.002,69473,3,1
0.0751,0.00201,4,-29.859,1,0.0598,0.868,0.977,0.109,0.0609,173.095,67621,1,1
0.49,0.063,0,-26.5,1,0.0381,0.981,0.951,0.13,0.0389,120.094,159084,4,1
0.269,0.136,5,-21.122,0,0.0365,0.933,0.891,0.0995,0.0375,83.394,107307,4,1
0.296,0.418,8,-15.707,1,0.0374,0.66,0.93,0.127,0.143,94.873,116748,4,1
0.532,0.0889,10,-18.587,1,0.0292,0.882,0.887,0.101,0.0564,92.016,130693,4,1
0.623,0.404,9,-13.719,0,0.0317,0.778,0.955,0.0468,0.194,120.038,136268,4,1
0.437,0.326,0,-16.985,1,0.0314,0.959,0.877,0.0906,0.4,155.97,160769,3,1
0.563,0.563,4,-13.816,1,0.049,0.0155,0.944,0.103,0.444,144.534,80596,4,1
0.409,0.104,0,-26.477,0,0.0526,0.753,0.802,0.11,0.144,122.294,155620,4,1
0.557,0.571,11,-11.181,1,0.0379,0.329,0.948,0.213,0.22,93.41,204360,4,1
0.411,0.0785,7,-21.389,0,0.0319,0.973,0.92,0.18,0.111,108.146,137051,4,1
0.396,0.137,3,-18.49,1,0.0343,0.884,0.945,0.108,0.0419,82.628,123606,3,1
0.469,0.0027,9,-32.382,0,0.0476,0.992,0.943,0.114,0.0818,100.072,64661,4,1
0.471,0.112,1,-28.636,0,0.0487,0.986,0.959,0.0841,0.302,151.987,145125,4,1
0.15,0.00876,7,-30.112,1,0.0404,0.953,0.917,0.0993,0.235,95.143,154667,4,1
0.536,0.0861,0,-17.811,0,0.0345,0.9,0.92,0.103,0.031,119.962,193806,4,1
0.283,0.036,1,-27.994,1,0.0523,0.464,0.927,0.314,0.0337,126.415,104565,3,1
0.406,0.137,10,-16.206,1,0.0355,0.988,0.738,0.144,0.0494,119.854,136107,4,1
0.524,0.122,3,-20.282,1,0.0359,0.958,0.933,0.111,0.177,131.826,98640,4,1
0.474,0.151,9,-20.506,0,0.0338,0.849,0.948,0.111,0.039,110.103,240245,4,1
0.173,0.0134,0,-32.466,1,0.0466,0.608,0.923,0.112,0.0307,67.317,59363,3,1
0.733,0.766,3,-9.93,0,0.0681,0.112,0.905,0.105,0.405,119.991,218000,4,1
0.457,0.118,0,-22.838,1,0.0691,0.209,0.324,0.116,0.0346,120.086,94902,4,1
0.453,0.354,4,-10.329,1,0.032,0.0126,3.54e-05,0.114,0.201,111.755,160933,4,1
0.439,0.0699,10,-25.528,0,0.059,0.963,0.964,0.112,0.237,178.27,162883,4,1
0.298,0.486,7,-8.394,0,0.0358,0.926,0.957,0.103,0.554,159.452,287161,3,1
0.512,0.193,0,-22.767,1,0.0427,0.988,0.879,0.105,0.0399,144.034,66592,3,1
0.168,0.334,10,-18.391,0,0.0457,0.181,0.894,0.143,0.0391,93.449,247172,3,1
0.137,0.0386,10,-24.798,1,0.0392,0.99,0.93,0.109,0.0366,74.975,150588,4,1
0.771,0.561,11,-11.016,0,0.155,0.391,0.0543,0.0418,0.921,144.818,155560,4,1
0.617,0.674,9,-10.601,1,0.0285,0.706,0.895,0.106,0.408,133.011,148872,3,1
0.703,0.229,6,-12.977,1,0.0726,0.797,0.878,0.103,0.401,111.462,159883,3,1
0.318,0.0166,5,-24.567,1,0.0464,0.905,0.948,0.103,0.162,123.404,107124,4,1
0.35,0.235,0,-14.492,1,0.0452,0.911,0.9,0.238,0.0465,120.291,186013,3,1
0.206,0.259,5,-21.313,0,0.0378,0.557,0.93,0.104,0.0383,85.904,89173,4,1
0.61,0.199,0,-16.907,0,0.041,0.945,0.917,0.0929,0.0396,119.938,124639,4,1
0.605,0.233,1,-16.379,0,0.033,0.938,0.943,0.11,0.392,116.06,85862,4,1
0.156,0.244,5,-15.185,1,0.0328,0.26,0.827,0.105,0.11,56.882,88400,4,1
0.586,0.0408,11,-25.889,1,0.0838,0.991,0.907,0.0959,0.368,67.922,116000,3,1
0.484,0.788,0,-7.792,0,0.0308,0.0265,0.906,0.0927,0.341,144.993,139347,4,1
0.0848,0.337,7,-12.831,1,0.0412,0.966,0.944,0.108,0.0825,83.65,77487,4,1
0.61,0.467,7,-12.113,1,0.0295,0.794,0.917,0.122,0.887,96.001,131560,4,1
0.33,0.382,6,-14.196,0,0.0332,0.69,0.9,0.114,0.103,139.189,85086,4,1
0.651,0.546,1,-9.021,1,0.0357,0.774,0.0437,0.0842,0.623,107.021,229760,4,1
0.753,0.602,7,-5.187,1,0.0337,0.0813,0.000903,0.0962,0.225,114.024,197351,4,1
0.692,0.608,8,-5.233,0,0.041,0.218,0.0,0.348,0.448,125.005,339733,4,1
0.51,0.622,2,-5.727,1,0.0242,0.0108,4.11e-06,0.127,0.424,99.934,196027,4,1
0.697,0.874,5,-2.15,0,0.0449,0.0122,0.0,0.627,0.775,132.018,213880,4,1
0.784,0.554,7,-6.417,1,0.03,0.00548,0.254,0.0995,0.634,104.01,118393,4,1
0.543,0.682,3,-5.81,1,0.113,0.218,1.53e-06,0.085,0.424,179.969,195502,4,1
0.728,0.729,7,-5.789,1,0.0511,0.542,0.0253,0.234,0.739,109.99,193483,4,1
0.506,0.362,10,-9.48,1,0.0416,0.67,0.0,0.176,0.385,84.726,92400,4,1
0.359,0.691,1,-2.626,1,0.0438,0.000112,0.00167,0.101,0.311,116.888,197187,4,1
0.692,0.684,6,-7.364,1,0.155,0.131,0.0,0.156,0.406,112.912,231253,4,1
0.784,0.778,1,-4.806,1,0.0868,0.0137,0.0,0.294,0.576,105.027,174644,4,1
0.686,0.716,0,-4.184,1,0.107,0.114,0.0,0.0863,0.798,95.84,163133,4,1
0.736,0.795,1,-3.299,0,0.0545,0.498,1.21e-06,0.254,0.511,104.066,230813,4,1
0.605,0.942,7,-4.549,1,0.0655,0.016,0.0,0.137,0.8,106.562,209347,4,1
0.618,0.837,1,-5.334,1,0.0304,0.000254,0.000341,0.0618,0.526,121.231,248336,4,1
0.596,0.738,8,-3.109,1,0.0411,0.109,0.0,0.0947,0.461,127.961,217347,4,1
0.651,0.786,1,-5.971,0,0.0518,0.00279,0.000622,0.0732,0.448,92.02,199720,4,1
0.613,0.874,5,-3.712,0,0.0335,0.00211,0.0,0.134,0.651,102.973,205149,4,1
0.744,0.619,0,-9.805,1,0.039,0.598,0.00372,0.231,0.641,112.997,188387,4,1
0.815,0.487,11,-9.13,1,0.0615,0.0123,0.00225,0.141,0.845,99.205,215586,4,1
0.69,0.622,5,-5.025,0,0.0622,0.253,0.0,0.116,0.544,102.04,210091,4,1
0.63,0.759,0,-5.148,0,0.0475,0.0154,0.0,0.0851,0.597,124.24,200320,4,1
0.714,0.826,5,-5.542,1,0.0784,0.319,0.0,0.0893,0.648,100.034,253293,4,1
0.646,0.938,0,-4.735,1,0.0754,0.0875,6.52e-06,0.447,0.545,120.708,248880,4,1
0.558,0.559,6,-9.222,1,0.0959,0.371,7.49e-06,0.109,0.62,78.558,180387,4,1
0.762,0.604,7,-5.296,0,0.11,0.114,0.0,0.0271,0.847,168.007,97960,4,1
0.475,0.873,10,-4.584,1,0.107,0.0659,0.0,0.355,0.362,181.901,221038,4,1
0.759,0.436,0,-11.233,0,0.0419,0.33,0.0113,0.102,0.782,94.03,185307,4,1
0.671,0.918,7,-2.267,0,0.0615,0.0349,9.59e-06,0.215,0.543,97.005,196801,4,1
0.771,0.816,2,-7.104,1,0.0581,0.0114,0.000963,0.339,0.438,104.958,177320,4,1
0.794,0.766,9,-3.894,0,0.0377,0.0135,0.0,0.0785,0.55,127.006,195873,4,1
0.784,0.62,9,-7.294,0,0.0725,0.524,1.09e-06,0.1,0.742,134.039,208240,4,1
0.67,0.609,7,-10.088,1,0.0333,0.75,6.74e-05,0.227,0.573,127.463,109736,4,1
0.93,0.611,0,-4.406,1,0.0415,0.593,0.00124,0.0592,0.695,112.127,178352,4,1
0.69,0.834,0,-5.79,1,0.0566,0.129,0.0,0.136,0.738,127.43,222933,4,1
0.874,0.692,5,-5.28,0,0.0431,0.0412,7.24e-05,0.324,0.937,116.017,178560,4,1
0.736,0.88,0,-4.323,1,0.0339,0.00744,0.00123,0.301,0.704,127.996,228867,4,1
0.658,0.535,9,-8.983,0,0.0573,0.0265,0.0,0.2,0.419,110.684,227360,4,1
0.792,0.662,8,-6.516,1,0.0356,0.53,0.0012,0.0598,0.863,117.012,293067,4,1
0.555,0.216,3,-11.661,1,0.0721,0.557,0.00416,0.109,0.504,79.109,87000,3,1
0.689,0.584,1,-5.768,0,0.119,0.339,0.0,0.297,0.676,156.572,191680,4,1
0.7,0.92,6,-3.809,0,0.049,0.012,0.0,0.628,0.757,116.971,173933,4,1
0.787,0.673,11,-4.583,0,0.159,0.264,3.35e-06,0.0904,0.779,110.962,237893,4,1
0.591,0.94,11,-4.341,1,0.0521,0.00386,0.0,0.383,0.676,100.028,224640,4,1
0.818,0.803,1,-4.282,1,0.0797,0.034,0.0,0.153,0.632,106.97,225983,4,1
0.516,0.777,1,-4.908,0,0.0375,0.00108,1.62e-06,0.0761,0.408,125.047,223093,4,1
0.72,0.654,1,-5.634,1,0.0647,0.227,0.0,0.101,0.411,106.976,207320,4,1
0.67,0.684,2,-7.47,1,0.0242,0.513,0.0103,0.126,0.852,94.261,173118,4,1
0.665,0.787,5,-5.73,1,0.151,0.31,0.0,0.219,0.699,167.351,212147,4,1
0.656,0.577,10,-5.566,0,0.0802,0.698,0.0,0.296,0.861,173.094,181522,4,1
0.534,0.803,10,-9.129,1,0.0743,0.741,6.07e-05,0.307,0.969,167.983,161560,4,1
0.353,0.791,0,-5.417,1,0.0609,0.886,0.617,0.568,0.959,174.496,136213,4,1
0.425,0.302,7,-6.243,1,0.0379,0.875,0.0,0.0737,0.67,79.22,117373,4,1
0.551,0.114,3,-24.78,0,0.0451,0.977,0.874,0.141,0.124,70.141,146093,4,1
0.745,0.0371,0,-24.439,1,0.0619,0.927,0.827,0.0834,0.155,56.283,219440,4,1
0.58,0.0545,9,-14.594,0,0.0473,0.963,0.000265,0.0967,0.177,123.341,149827,4,1
0.0,0.0379,5,-17.819,0,0.0,0.908,0.0,0.108,0.0,0.0,173733,0,1
0.0,0.446,5,-9.588,1,0.0,0.806,0.0,0.307,0.0,0.0,169907,0,1
0.286,0.284,3,-9.952,1,0.0294,0.99,0.000123,0.217,0.116,84.417,171840,4,1
0.653,0.319,4,-17.813,0,0.0364,0.439,0.0,0.0906,0.845,147.853,138013,4,1
0.588,0.0387,0,-17.944,0,0.06,0.978,0.823,0.116,0.342,83.4,205667,4,1
0.373,0.108,8,-16.105,1,0.0286,0.668,0.756,0.168,0.354,72.118,127398,4,1
0.228,0.216,9,-17.547,0,0.0373,0.9,0.829,0.139,0.24,93.936,89440,4,1
0.325,0.0418,1,-24.757,1,0.0363,0.977,0.0141,0.117,0.242,65.888,184467,4,1
0.186,0.227,5,-13.088,1,0.0338,0.921,0.000245,0.286,0.197,88.942,162707,4,1
0.577,0.307,9,-11.556,1,0.0428,0.378,0.0,0.18,0.575,125.165,177400,4,1
0.548,0.00931,0,-21.426,1,0.0573,0.986,0.0609,0.106,0.521,82.127,174960,4,1
0.472,0.0676,0,-16.101,1,0.0352,0.963,0.00286,0.14,0.252,114.416,295240,4,1
0.559,0.0508,0,-21.273,1,0.0368,0.974,0.0,0.0849,0.23,79.236,167200,4,1
0.696,0.157,6,-22.633,1,0.0626,0.919,0.874,0.109,0.601,94.23,164400,4,1
0.552,0.313,5,-12.41,1,0.0296,0.916,0.0017,0.12,0.303,88.554,202773,3,1
0.5,0.311,10,-12.632,0,0.0386,0.892,0.0328,0.0758,0.521,110.402,153067,4,1
0.33,0.0159,4,-21.167,0,0.0409,0.988,5.38e-06,0.109,0.22,71.022,168347,4,1
0.536,0.24,10,-15.198,1,0.0813,0.92,0.0,0.111,0.489,128.897,153867,4,1
0.355,0.117,0,-17.803,1,0.0303,0.926,0.000168,0.109,0.165,93.419,151867,3,1
0.558,0.311,4,-9.582,0,0.0288,0.887,0.0,0.118,0.415,95.978,163480,4,1
0.583,0.247,1,-12.612,1,0.04,0.448,9.7e-06,0.107,0.592,127.145,223760,4,1
0.703,0.161,7,-12.637,1,0.129,0.927,1.34e-05,0.102,0.269,62.561,113573,4,1
0.454,0.26,8,-13.193,0,0.0401,0.539,0.00078,0.0675,0.598,174.322,324133,5,1
0.339,0.342,7,-7.596,0,0.0313,0.962,0.319,0.162,0.393,132.599,167121,3,1
0.596,0.306,7,-14.404,1,0.0345,0.884,0.000375,0.0733,0.474,133.639,142533,4,1
0.427,0.19,11,-18.888,1,0.0684,0.938,3.14e-06,0.533,0.279,125.367,164000,4,1
0.612,0.493,5,-8.589,0,0.0467,0.804,0.266,0.202,0.484,126.358,570720,4,1
0.612,0.144,6,-12.204,0,0.0352,0.88,0.0,0.203,0.343,128.629,181627,4,1
0.561,0.346,0,-12.596,0,0.0409,0.873,0.399,0.104,0.697,93.689,290293,4,1
0.593,0.493,3,-14.954,0,0.032,0.766,0.0,0.0735,0.809,121.749,161533,4,1
0.586,0.0652,0,-16.049,1,0.0389,0.791,0.0,0.162,0.54,119.287,104360,4,1
0.492,0.0671,10,-15.671,0,0.0399,0.958,0.000968,0.109,0.165,124.908,147413,4,1
0.692,0.121,8,-14.419,1,0.0493,0.972,0.00155,0.13,0.646,119.569,179493,4,1
0.432,0.169,4,-13.621,0,0.0693,0.919,8.04e-05,0.25,0.176,58.06,304907,4,1
0.484,0.403,9,-14.977,1,0.0357,0.721,0.0,0.647,0.735,150.738,128987,4,1
0.588,0.4,7,-11.914,0,0.036,0.851,0.352,0.11,0.468,113.615,403640,4,1
0.252,0.125,11,-14.267,0,0.033,0.889,0.0,0.108,0.247,82.411,150667,4,1
0.573,0.275,8,-10.684,1,0.054,0.84,0.0,0.196,0.59,140.982,148267,4,1
0.0,0.0308,9,-22.44,1,0.0,0.943,0.0,0.143,0.0,0.0,95253,0,1
0.476,0.217,8,-10.75,1,0.0308,0.892,6.09e-05,0.0966,0.121,116.079,323187,4,1
0.421,0.0162,2,-25.358,0,0.0388,0.808,0.0024,0.0978,0.154,110.479,337733,4,1
0.304,0.124,3,-18.748,1,0.0438,0.351,0.0,0.157,0.124,181.665,182427,3,1
0.433,0.512,7,-10.018,1,0.0345,0.837,0.0,0.185,0.794,132.38,146360,4,1
0.498,0.789,10,-5.724,1,0.0319,0.000856,5.83e-06,0.104,0.455,120.176,164280,4,1
0.769,0.505,1,-7.345,1,0.0829,0.311,7.49e-05,0.0777,0.757,171.804,279507,4,1
0.535,0.505,2,-8.926,0,0.245,0.0393,0.0,0.0923,0.495,99.935,320267,4,1
0.551,0.645,4,-13.093,1,0.0354,0.0031,0.00376,0.421,0.508,128.665,271560,4,1
0.638,0.906,2,-4.824,1,0.0504,0.0662,6.88e-05,0.142,0.767,107.991,209200,4,1
0.457,0.763,7,-3.459,0,0.255,0.318,0.0,0.0322,0.87,175.043,231360,3,1
0.632,0.683,7,-6.434,1,0.0385,0.163,0.00013,0.847,0.701,105.959,197213,4,1
0.74,0.752,9,-7.008,0,0.0359,0.0409,0.00125,0.0233,0.939,114.851,248093,4,1
0.325,0.386,2,-8.231,1,0.0387,0.00728,0.0,0.0732,0.269,144.83,169773,4,1
0.681,0.504,7,-11.099,1,0.0284,0.672,0.0,0.142,0.706,89.994,172627,4,1
0.592,0.473,8,-9.834,1,0.0354,0.681,0.0,0.0732,0.741,203.989,249360,4,1
0.556,0.92,8,-4.606,1,0.0367,0.00271,0.00021,0.117,0.771,121.138,159227,4,1
0.494,0.946,4,-2.757,1,0.0637,0.00129,0.0,0.398,0.741,103.408,169027,4,1
0.72,0.912,4,-6.13,1,0.0363,0.551,0.00122,0.0982,0.973,122.782,126947,4,1
0.743,0.675,8,-4.267,0,0.0953,0.0251,0.000717,0.0685,0.59,92.909,214400,4,1
0.733,0.795,1,-7.224,0,0.0249,0.0263,0.000952,0.083,0.892,109.121,212253,4,1
0.56,0.606,7,-12.254,1,0.028,0.122,0.0,0.132,0.819,109.044,234928,4,1
0.398,0.804,11,-5.559,1,0.0451,0.175,0.0,0.181,0.709,186.752,194307,4,1
0.759,0.699,0,-5.745,0,0.0307,0.202,0.000131,0.443,0.907,92.96,211067,4,1
0.767,0.787,3,-9.897,1,0.0331,0.0163,0.583,0.0513,0.964,126.879,266200,4,1
0.0621,0.887,7,-4.305,1,0.0632,0.0399,0.000156,0.619,0.48,198.441,192533,4,1
0.336,0.493,5,-14.472,1,0.0351,0.955,0.938,0.0948,0.666,81.648,121200,4,1
0.595,0.717,0,-4.803,1,0.0295,0.0779,0.00274,0.108,0.547,88.969,215907,4,1
0.575,0.886,5,-5.182,1,0.034,0.0647,0.000187,0.709,0.609,96.31,244667,4,1
0.374,0.272,1,-18.262,1,0.0341,0.13,0.0,0.0641,0.303,178.809,244240,4,1
0.419,0.383,4,-11.782,1,0.0256,0.0724,0.0176,0.0896,0.35,87.568,257480,4,1
0.58,0.47,3,-11.923,1,0.0337,0.863,0.934,0.11,0.43,111.459,125933,4,1
0.617,0.645,9,-7.203,1,0.0338,0.128,6.88e-05,0.102,0.802,96.017,213493,4,1
0.434,0.897,0,-4.918,1,0.0488,0.0103,0.0,0.612,0.685,148.708,167067,4,1
0.413,0.881,11,-5.541,0,0.0367,5.99e-05,0.000308,0.0805,0.364,158.066,250547,4,1
0.658,0.525,2,-10.368,0,0.0629,0.516,0.0,0.0936,0.835,174.162,167000,4,1
0.679,0.568,6,-10.74,1,0.0423,0.422,0.00928,0.322,0.93,159.69,242640,4,1
0.438,0.434,7,-8.37,1,0.0371,0.122,0.0,0.15,0.195,179.913,257293,4,1
0.434,0.808,0,-6.601,1,0.0359,0.0233,0.0111,0.153,0.422,144.292,268333,4,1
0.51,0.505,9,-13.053,0,0.0344,0.342,0.96,0.117,0.318,114.532,293752,4,1
0.634,0.551,3,-7.136,1,0.0352,0.00737,1.82e-05,0.07,0.453,151.779,258827,4,1
0.597,0.511,10,-9.997,1,0.0303,0.134,0.000703,0.285,0.888,182.079,186373,4,1
0.269,0.895,9,-6.382,1,0.118,0.083,0.00266,0.153,0.16,168.479,299507,4,1
0.673,0.841,1,-10.171,0,0.0304,0.00307,1.26e-05,0.952,0.809,134.804,241133,4,1
0.61,0.676,5,-8.319,0,0.0321,0.28,0.0,0.311,0.687,93.017,289960,4,1
0.463,0.967,4,-5.781,0,0.0901,0.000322,0.357,0.308,0.741,145.915,181267,4,1
0.507,0.322,2,-14.403,1,0.0381,0.744,0.0,0.0899,0.655,94.723,200840,4,1
0.581,0.806,4,-5.44,1,0.0309,0.0118,8.84e-06,0.124,0.779,157.129,273067,4,1
0.626,0.667,0,-11.817,0,0.0283,0.209,0.000257,0.0779,0.83,112.776,257631,4,1
0.665,0.834,4,-7.737,1,0.0576,0.21,0.0,0.452,0.411,105.292,249493,4,1
0.707,0.87,1,-3.442,1,0.0478,0.0625,0.000109,0.142,0.708,94.855,328600,4,1
0.808,0.786,4,-6.897,0,0.0447,0.00928,0.0701,0.0574,0.899,96.987,191240,4,1
0.633,0.49,10,-7.668,1,0.0255,0.395,6.92e-05,0.0886,0.66,132.178,280107,3,1
0.391,0.951,6,-7.419,1,0.0688,0.012,0.000446,0.0878,0.468,157.663,148360,4,1
0.595,0.461,6,-7.786,1,0.0641,0.269,0.000149,0.123,0.338,91.976,192867,4,1
0.533,0.761,7,-10.632,1,0.0298,0.013,0.829,0.207,0.917,122.777,162187,4,1
0.614,0.878,4,-10.016,0,0.034,0.0154,0.00637,0.0486,0.865,116.029,218933,4,1
0.832,0.544,6,-12.697,1,0.0442,0.201,0.000139,0.632,0.928,119.49,275533,4,1
0.701,0.944,4,-2.986,1,0.0455,0.0755,0.0,0.601,0.792,128.993,197707,4,1
0.768,0.828,5,-5.109,1,0.0313,0.0964,2.85e-05,0.097,0.961,118.777,234333,4,1
0.752,0.723,7,-12.126,1,0.0507,0.025,0.00354,0.0212,0.94,130.519,228840,4,1
0.726,0.449,0,-9.206,1,0.0286,0.487,1.34e-06,0.0824,0.294,130.388,241333,4,1
0.731,0.75,2,-10.457,1,0.0321,0.0862,0.000388,0.202,0.639,135.406,178987,4,1
0.546,0.748,5,-13.989,1,0.0384,0.505,0.0,0.16,0.9,145.58,183267,4,1
0.603,0.774,3,-6.066,0,0.0428,0.0288,0.051,0.0533,0.48,124.994,238267,4,1
0.932,0.457,11,-9.62,0,0.0541,0.0173,0.0436,0.0414,0.884,117.002,294227,4,1
0.554,0.783,6,-5.852,1,0.0457,0.416,1.54e-06,0.631,0.813,105.39,162467,4,1
0.645,0.795,7,-12.095,1,0.0527,0.347,0.00389,0.104,0.535,112.067,251489,4,1
0.73,0.487,4,-10.991,1,0.0303,0.258,0.01,0.0852,0.731,114.965,226653,4,1
0.309,0.93,11,-6.399,1,0.125,0.0192,0.0022,0.106,0.376,195.815,280000,4,1
0.824,0.506,5,-7.12,0,0.0291,0.124,0.0,0.113,0.654,130.717,239693,4,1
0.524,0.345,7,-15.659,1,0.0261,0.489,0.013,0.342,0.771,106.621,180333,4,1
0.623,0.739,7,-8.116,1,0.0244,0.338,1.88e-05,0.109,0.642,95.007,257316,4,1
0.751,0.501,5,-12.151,1,0.0551,0.234,0.112,0.0467,0.902,167.057,190627,4,1
0.727,0.834,2,-5.851,1,0.0496,0.165,0.0,0.105,0.816,131.7,194120,4,1
0.387,0.947,4,-3.141,1,0.0697,4.65e-05,0.612,0.662,0.834,176.371,228080,4,1
0.629,0.876,0,-10.141,1,0.0444,0.0864,7.72e-05,0.0431,0.358,118.01,220960,4,1
0.611,0.846,11,-5.9,1,0.0436,0.00509,0.0,0.0784,0.751,103.912,162920,4,1
0.724,0.498,11,-13.083,0,0.0423,0.0405,8.56e-05,0.0761,0.823,88.825,273173,4,1
0.916,0.72,0,-8.548,1,0.1,0.36,0.00016,0.0958,0.761,103.314,237000,4,1
0.675,0.732,9,-4.5,1,0.0443,0.452,1.84e-05,0.201,0.83,175.01,279400,4,1
0.43,0.971,9,-3.845,1,0.0524,0.0271,2.16e-05,0.185,0.764,151.219,212000,4,1
0.298,0.704,7,-9.905,1,0.0366,0.188,0.000488,0.777,0.655,95.023,302120,4,1
0.611,0.777,7,-5.853,1,0.0376,0.127,0.0,0.519,0.682,149.26,219373,4,1
0.717,0.837,8,-6.968,0,0.0282,0.155,1.15e-05,0.422,0.919,129.881,161440,4,1
0.649,0.821,7,-2.957,1,0.0329,0.0562,0.00271,0.318,0.698,113.489,254080,4,1
0.769,0.403,0,-15.134,1,0.051,0.197,0.000191,0.264,0.567,118.007,272533,4,1
0.71,0.799,6,-4.897,1,0.0328,0.22,0.000602,0.349,0.725,120.372,238267,4,1
0.791,0.446,7,-14.141,1,0.0821,0.401,0.0,0.615,0.964,150.221,204223,4,1
0.373,0.679,0,-9.195,1,0.0393,7.83e-05,0.116,0.247,0.42,90.974,223267,4,1
0.752,0.684,0,-7.599,1,0.15,0.0994,0.0,0.0897,0.539,141.075,176440,4,1
0.729,0.989,9,-4.613,0,0.049,0.0102,4.45e-05,0.443,0.84,126.47,352906,4,1
0.838,0.827,1,-7.733,1,0.0545,0.277,1.65e-05,0.0896,0.856,109.252,252672,4,1
0.732,0.488,4,-8.65,1,0.0446,0.222,0.000149,0.0383,0.61,78.512,299680,4,1
0.668,0.73,10,-7.182,1,0.0366,0.225,0.0,0.188,0.894,92.049,252773,4,1
0.73,0.535,9,-9.71,1,0.0308,0.255,0.00503,0.0695,0.492,122.537,232893,4,1
0.554,0.963,6,-3.762,0,0.035,0.000244,0.0702,0.431,0.918,128.175,195147,4,1
0.497,0.719,6,-9.397,1,0.0266,0.0613,0.0,0.411,0.547,95.769,255733,4,1
0.653,0.762,2,-5.042,1,0.0311,0.175,0.00113,0.174,0.838,106.951,246693,4,1
0.85,0.938,9,-6.889,0,0.0415,0.409,0.000346,0.0582,0.84,120.826,217200,4,1
0.738,0.8,11,-3.366,0,0.0283,0.043,0.0543,0.595,0.532,122.858,200800,4,1
0.802,0.704,0,-7.896,0,0.0432,0.181,0.000912,0.284,0.92,121.85,283000,4,1
0.675,0.61,1,-13.811,1,0.085,0.0852,0.0188,0.159,0.344,131.037,253800,4,1
0.654,0.743,10,-7.44,0,0.0605,0.0125,0.0272,0.153,0.632,114.846,457676,4,1
0.765,0.777,1,-5.301,0,0.0306,0.142,0.000122,0.104,0.87,119.935,196667,3,1
0.73,0.849,1,-5.281,0,0.0299,0.00234,2.57e-05,0.312,0.887,117.308,230013,4,1
0.593,0.342,6,-11.27,1,0.0292,0.867,0.867,0.15,0.453,112.678,261467,4,1
0.774,0.838,5,-3.914,0,0.114,0.0249,0.025,0.242,0.924,143.04,198800,4,1
0.572,0.69,2,-6.201,1,0.0358,0.0474,0.0,0.0897,0.624,160.111,237580,4,1
0.628,0.5,6,-9.66,0,0.0268,0.44,0.0,0.244,0.68,124.932,147027,4,1
0.565,0.839,4,-5.161,0,0.0332,0.000335,0.113,0.329,0.855,134.98,191133,4,1
0.595,0.741,11,-5.601,1,0.0293,0.501,0.0,0.383,0.706,130.047,263840,4,1
0.663,0.697,0,-9.442,1,0.0473,0.156,0.0224,0.0663,0.744,166.001,206973,4,1
0.668,0.672,2,-4.931,1,0.0303,0.111,0.0,0.329,0.539,89.011,201107,4,1
0.576,0.697,10,-4.192,1,0.326,0.0286,1.15e-06,0.167,0.501,175.906,227667,4,1
0.699,0.83,1,-4.898,1,0.0633,0.00243,0.00024,0.0995,0.889,105.809,219413,4,1
0.585,0.776,5,-5.898,1,0.0459,0.0572,7.74e-06,0.3,0.427,77.987,244507,4,1
0.565,0.0522,7,-17.892,1,0.0447,0.975,0.833,0.116,0.586,73.582,75053,4,1
0.608,0.768,0,-5.227,1,0.0475,0.0913,0.0,0.0629,0.809,88.059,244880,4,1
0.825,0.832,5,-5.862,0,0.0403,0.00587,0.000733,0.114,0.713,122.021,220627,4,1
0.666,0.785,4,-5.37,0,0.0308,0.0974,0.0197,0.436,0.55,122.973,267355,4,1
0.41,0.196,0,-15.956,1,0.0383,0.953,0.892,0.0974,0.0622,78.823,189800,4,1
0.654,0.81,4,-6.26,0,0.0288,0.00719,0.00251,0.165,0.661,114.622,200307,4,1
0.778,0.824,10,-5.892,0,0.0707,0.284,0.0,0.405,0.758,100.024,218093,4,1
0.217,0.905,2,-4.103,1,0.0752,0.000289,0.00011,0.222,0.236,96.95,311107,4,1
0.762,0.692,5,-3.973,0,0.0437,0.112,0.0,0.094,0.397,114.903,208307,4,1
0.76,0.891,11,-5.852,0,0.0372,0.0229,0.0869,0.298,0.966,120.264,245000,4,1
0.691,0.853,1,-2.528,0,0.0372,0.0631,6.7e-05,0.082,0.762,145.999,215867,4,1
0.712,0.862,5,-4.612,0,0.0378,0.0525,0.0,0.093,0.809,95.051,206200,4,1
0.356,0.96,4,-3.487,1,0.104,0.0142,0.0,0.209,0.0857,125.921,204733,4,1
0.609,0.444,7,-9.129,1,0.106,0.603,6.86e-06,0.104,0.166,118.402,228707,3,1
0.753,0.534,2,-4.661,1,0.0277,0.0339,7.32e-06,0.0972,0.847,96.073,158653,4,1
0.851,0.806,4,-4.618,1,0.0787,0.119,1.72e-06,0.121,0.774,119.001,237200,4,1
0.892,0.714,4,-6.055,0,0.141,0.201,0.000234,0.0521,0.817,100.972,267267,4,1
0.913,0.29,0,-13.444,0,0.0504,0.738,0.00389,0.0949,0.804,113.047,199973,4,1
0.21,0.94,9,-3.427,1,0.123,0.00602,0.0,0.269,0.255,179.722,186480,4,1
0.457,0.406,9,-7.462,1,0.0291,0.08,0.0,0.117,0.208,151.95,223067,3,1
0.628,0.504,11,-14.978,1,0.0729,0.0215,0.00865,0.0684,0.711,98.308,166400,4,1
0.714,0.665,4,-7.736,0,0.0509,0.0996,0.0,0.226,0.842,78.515,204733,4,1
0.894,0.678,6,-5.611,0,0.0523,0.00569,2.43e-06,0.317,0.844,105.029,216333,4,1
0.632,0.856,10,-3.463,1,0.0348,0.0624,0.0,0.347,0.867,119.397,232693,4,1
0.346,0.965,3,-4.255,0,0.146,0.000461,0.012,0.214,0.384,125.043,234107,4,1
0.791,0.713,5,-3.742,0,0.254,0.0163,0.0,0.189,0.514,130.012,192573,4,1
0.502,0.941,7,-5.194,1,0.0716,0.000346,0.319,0.553,0.124,119.783,219987,4,1
0.792,0.924,6,-6.866,0,0.0327,0.104,0.000224,0.336,0.968,127.003,217000,4,1
0.431,0.81,7,-5.379,1,0.066,0.276,0.0,0.0906,0.795,76.412,169307,4,1
0.695,0.801,9,-4.503,0,0.0441,0.00124,0.0,0.479,0.646,119.973,249280,4,1
0.465,0.954,10,-4.251,1,0.044,0.000346,5.38e-06,0.573,0.458,143.85,193653,4,1
0.451,0.0223,1,-26.117,1,0.0461,0.993,0.768,0.13,0.0573,79.042,87467,3,1
0.801,0.673,11,-7.258,0,0.0579,0.738,0.106,0.251,0.592,164.687,150920,4,1
0.416,0.827,4,-5.177,1,0.0384,0.00428,0.000242,0.277,0.87,169.902,236712,4,1
0.429,0.661,11,-7.227,1,0.0281,0.00239,0.000121,0.234,0.285,173.372,266773,4,1
0.688,0.518,5,-4.285,1,0.0283,0.0642,0.0,0.1,0.314,116.714,255333,4,1
0.626,0.799,11,-6.612,0,0.0461,0.00036,0.00155,0.36,0.37,98.993,274213,4,1
0.66,0.8,8,-4.644,1,0.0992,0.106,0.0,0.154,0.476,125.966,200227,4,1
0.812,0.507,1,-8.825,0,0.0452,0.0399,0.0831,0.0671,0.729,114.832,347667,4,1
0.729,0.844,5,-8.824,1,0.0344,0.149,2.87e-06,0.0604,0.777,131.459,275440,4,1
0.685,0.623,8,-11.146,1,0.042,0.228,0.00234,0.0295,0.896,126.739,171960,4,1
0.731,0.804,11,-7.621,0,0.0473,0.172,0.00028,0.0685,0.957,107.383,205933,4,1
0.573,0.683,5,-6.644,1,0.176,0.461,0.0,0.0935,0.817,169.519,142787,4,1
0.635,0.517,0,-8.998,1,0.0348,0.46,1.84e-05,0.0753,0.855,165.293,239893,4,1
0.577,0.137,7,-15.81,1,0.0399,0.858,0.875,0.115,0.232,132.704,63502,4,1
0.582,0.214,1,-17.83,1,0.0315,0.767,2.07e-06,0.122,0.515,72.794,190066,4,1
0.716,0.625,1,-11.369,0,0.0601,0.396,1.97e-05,0.134,0.826,125.276,186827,4,1
0.734,0.586,2,-11.866,1,0.129,0.125,0.0,0.0367,0.762,109.933,230467,4,1
0.463,0.273,0,-15.364,0,0.074,0.907,0.000367,0.101,0.293,146.426,239960,4,1
0.45,0.442,9,-12.718,0,0.0353,0.493,0.00564,0.134,0.812,208.282,233173,4,1
0.532,0.244,8,-14.652,1,0.0327,0.707,4.56e-05,0.122,0.238,89.327,276000,4,1
0.767,0.46,8,-11.489,1,0.332,0.028,2.09e-05,0.0633,0.803,78.802,256240,4,1
0.674,0.537,1,-10.971,0,0.0363,0.566,0.0,0.131,0.809,110.578,161533,4,1
0.759,0.367,0,-19.024,1,0.0367,0.848,1.12e-06,0.227,0.96,129.882,175274,4,1
0.755,0.876,0,-8.867,1,0.0362,0.357,5.17e-06,0.22,0.954,102.762,174827,4,1
0.348,0.576,0,-8.388,1,0.0289,0.00766,0.0462,0.276,0.428,179.014,288787,4,1
0.498,0.634,6,-12.16,0,0.0475,0.328,0.748,0.0962,0.515,93.161,193573,4,1
0.779,0.542,9,-15.137,0,0.0515,0.0358,0.000659,0.33,0.647,116.284,198373,4,1
0.783,0.322,0,-15.091,1,0.0343,0.213,0.00243,0.114,0.77,128.226,267773,4,1
0.935,0.479,11,-10.981,0,0.306,0.107,5.16e-05,0.118,0.773,123.643,211000,4,1
0.622,0.54,5,-13.99,1,0.0261,0.017,0.00771,0.265,0.847,130.879,264907,4,1
0.631,0.644,10,-10.81,0,0.0348,0.341,0.000411,0.0877,0.861,103.376,336960,4,1
0.67,0.279,5,-15.589,1,0.0289,0.793,0.00879,0.109,0.552,77.82,170800,4,1
0.388,0.338,10,-10.054,1,0.0329,0.652,3.73e-06,0.248,0.478,177.765,303373,4,1
0.749,0.748,2,-7.011,1,0.0323,0.295,0.000443,0.469,0.827,137.547,213267,4,1
0.671,0.513,5,-9.598,0,0.366,0.0682,0.0,0.0674,0.94,154.187,172933,4,1
0.585,0.511,1,-9.37,1,0.0391,0.647,0.007,0.0392,0.552,105.898,179491,4,1
0.519,0.744,2,-9.487,1,0.0432,0.68,0.0526,0.123,0.408,93.555,252667,4,1
0.657,0.435,10,-15.707,1,0.0552,0.739,0.0,0.167,0.771,135.975,181133,4,1
0.537,0.5,7,-11.22,1,0.0939,0.0688,0.00377,0.076,0.909,93.85,318785,4,1
0.666,0.608,7,-9.335,1,0.0319,0.281,0.000804,0.466,0.674,123.18,295627,4,1
0.739,0.452,0,-8.826,0,0.0312,0.0909,0.000168,0.102,0.599,126.083,188867,4,1
0.704,0.884,8,-6.275,1,0.0527,0.549,0.000364,0.0492,0.964,93.058,228554,4,1
0.598,0.716,1,-13.154,0,0.037,0.0602,0.537,0.0628,0.876,121.987,353013,4,1
0.684,0.21,1,-18.204,0,0.0841,0.538,0.031,0.143,0.681,83.383,112040,4,1
0.5,0.554,9,-8.108,1,0.0354,0.734,3.72e-06,0.312,0.372,84.229,326320,4,1
0.664,0.88,2,-5.009,0,0.0326,0.465,1.63e-05,0.0591,0.895,133.898,210760,4,1
0.512,0.661,2,-10.514,1,0.0683,0.219,0.855,0.155,0.778,82.006,266040,4,1
0.59,0.438,6,-12.594,0,0.0508,0.292,0.00216,0.103,0.727,83.506,250867,4,1
0.592,0.398,2,-10.81,0,0.0678,0.357,0.000925,0.119,0.204,150.038,185293,3,1
0.625,0.591,7,-9.127,0,0.0265,0.0138,0.0399,0.0893,0.863,126.597,213693,4,1
0.687,0.533,7,-8.853,1,0.0314,0.573,6.43e-05,0.0844,0.814,130.398,229707,4,1
0.499,0.467,2,-9.999,0,0.0287,0.705,1.63e-06,0.461,0.577,81.839,193667,4,1
0.68,0.426,0,-13.683,0,0.0652,0.756,0.000148,0.11,0.661,99.078,147467,4,1
0.425,0.242,0,-15.424,1,0.0267,0.88,0.0118,0.195,0.477,92.472,228160,4,1
0.737,0.495,1,-13.489,1,0.027,0.0588,9.12e-06,0.0542,0.967,104.409,197147,4,1
0.564,0.521,0,-8.619,1,0.0461,0.606,0.000409,0.437,0.469,98.872,254373,4,1
0.68,0.701,6,-10.36,0,0.036,0.316,4.72e-06,0.111,0.933,108.287,243280,4,1
